users_id,customer_count,avg_transactions_per_month,frequency_category
c9297018ab1d4dd9bde1ea4fe0ce4f6a,2591,215.9167,"High Frequency"
566126bab52a4754936e309e3166a797,4427,192.4783,"High Frequency"
a96f45b14f074cc1a9675ba104194f87,6089,190.2813,"High Frequency"
de86441af0dc4a7a9f35dc8e0251b5c3,4942,190.0769,"High Frequency"
3aa79f2f1c0148cd964a6f91dd0fd72b,5684,183.3548,"High Frequency"
e500417721c6424fb879d603615a6d77,4544,174.7692,"High Frequency"
5572810f38b543429ffb218ef15243fc,10548,162.2769,"High Frequency"
af154b8efc024eb2a88b6c872f1c6d07,1686,140.5000,"High Frequency"
a3465e8585bd4cc08127a044f03c0fd7,1480,134.5455,"High Frequency"
da1b733b34084652897e4be00f49ffb0,2272,133.6471,"High Frequency"
435c77a75e8441259a2515064fa0b83b,2427,127.7368,"High Frequency"
97cff281d1644994bfc87483a4bc60eb,623,124.6000,"High Frequency"
b33f84c8683e4e94a4d5fed93d3c981f,2896,111.3846,"High Frequency"
d6a780a0ff584555b7e24668e258555a,1163,105.7273,"High Frequency"
1909df3eba2548cfa3b9c270112bd262,2383,103.6087,"High Frequency"
875fee997c50474a8982b89443bc01e3,2182,99.1818,"High Frequency"
363237ae6a2242feb3c973ef20247f79,6319,97.2154,"High Frequency"
fe321c01bc49461a94cef73de1cd393f,2754,94.9655,"High Frequency"
06127c3513d242bcab73a569ef615f69,1265,90.3571,"High Frequency"
626639a2ad904f47bd76183910403064,3404,89.5789,"High Frequency"
f23c5baa7a6f45529a509e0ffbfefaf0,1514,89.0588,"High Frequency"
3c18ed287e314e5b879918d4cd17948e,1145,88.0769,"High Frequency"
7b96e0cd1b33483a86018472b260e022,1111,85.4615,"High Frequency"
c0d0fb9b03b545d4841c5918037c245a,1333,83.3125,"High Frequency"
7c7608175be94117bef57c5b049be720,1974,73.1111,"High Frequency"
2b89cb1d77b24c02bb0578ac909860ea,1866,71.7692,"High Frequency"
6c59c0b8094947599a0fe785287f229f,814,67.8333,"High Frequency"
295930ec4219470c91c883abecf5e8b1,743,67.5455,"High Frequency"
d5d6a528ce564e26af66d0bfc5387f5a,699,63.5455,"High Frequency"
75cb72d217324ace976cb9104d1d2d9c,3874,62.4839,"High Frequency"
03083b5170134734876344bb9ca94675,719,59.9167,"High Frequency"
6511987870964f728974da2ca8f5cdfb,1045,58.0556,"High Frequency"
72141b6db0a94e9b8414ae0e783792b7,3480,55.2381,"High Frequency"
75b9df985e254031aaba8ec44f459d2d,3420,53.4375,"High Frequency"
e0e824c5e8114cd4abd96d4c64ac35d3,1314,52.5600,"High Frequency"
fdb4471e9f364439b43c3c6b9f05d124,1739,51.1471,"High Frequency"
11dde5b851114fb295926554ea2f8731,1132,49.2174,"High Frequency"
427085b0eb1048f29d882d645658c09d,2704,47.4386,"High Frequency"
8854a6cc3d7f49079eea9b56fa512f31,467,46.7000,"High Frequency"
502fd0984ed54c3e8dc1c3884f84941b,1437,46.3548,"High Frequency"
8c8f4f9bbdde4798b059061be2a148aa,596,45.8462,"High Frequency"
ed78e6b53838467b9a4e34b8a4a37a3f,1205,44.6296,"High Frequency"
2fb594bd456a49a7bdceb70316b2bd74,933,44.4286,"High Frequency"
88f0530d2ef5437da9e7e53a59b230b1,701,43.8125,"High Frequency"
f026b5d9d7d84a7a9e452862f58b4cf9,2217,43.4706,"High Frequency"
e367097cc72646be9b0a795db8f68d0a,469,42.6364,"High Frequency"
81294b17ab9b4fe98f76cf438cfe4cc6,548,42.1538,"High Frequency"
451ab11c63d24306b4b97e26ee2697b1,503,41.9167,"High Frequency"
d4fc05997a4a419fac61fe92d3644742,1337,41.7813,"High Frequency"
b70eddd82eae4684bddc252b0b05e895,2416,39.6066,"High Frequency"
0257625a02344b239b41e1cbe60ef080,3816,39.3402,"High Frequency"
477251b6ab8241dba14bf13c8365efe9,2275,38.5593,"High Frequency"
3097d111f15b4c44ac1bf1f4cd5a12ad,845,38.4091,"High Frequency"
3a8a03951cd144bea04fc9e034e3eb9f,373,37.3000,"High Frequency"
a62efa2df0814432b82485d6989cd507,326,32.6000,"High Frequency"
6c93a7cf56d54b03853695956636e14c,293,32.5556,"High Frequency"
7cb59091cb654936ac639a570ef8d036,316,31.6000,"High Frequency"
46d8f70577514cf2a82d6058b97080d8,396,30.4615,"High Frequency"
59b759f673334e98bc108e4b0e2822a4,291,29.1000,"High Frequency"
a1a2f9d5dff949f9980e92e8284e481d,807,28.8214,"High Frequency"
c35fdf3cce1a4de1928716c8b41f1650,115,28.7500,"High Frequency"
17aca1ea399848c6859ebbf2a648f718,481,28.2941,"High Frequency"
c02b5064df6546c6bb2b32d92ab00eac,487,27.0556,"High Frequency"
b15810c73f1f4722b2ea72d9e329ea0c,1426,25.0175,"High Frequency"
c41fe7c7c9024cdabdcfe17274205f70,322,24.7692,"High Frequency"
742da71d7daa46d0801755c883bdc464,889,24.0270,"High Frequency"
ba9e2fcd601347e8a66ef6b7c89a019a,261,23.7273,"High Frequency"
4adc43f9dc2646718ff55cbe3f10b51e,118,23.6000,"High Frequency"
7ab08f67d38c48ffa774341bee84cd56,259,23.5455,"High Frequency"
893ca9504a794a478c5e98e945554ad8,305,23.4615,"High Frequency"
415edebd5c1a4a47a9828e5b2b0582e4,277,23.0833,"High Frequency"
1429681a0b554a7ab08c5f3993ac7b33,272,22.6667,"High Frequency"
01bac3db234043bda56eb8ee396c9f51,475,22.6190,"High Frequency"
a6f38978dda1462ebd0d54ff148c1bbd,512,22.2609,"High Frequency"
b53bcb2960ec45ca8ff173020cf034b7,265,22.0833,"High Frequency"
ddf57166b2d34e50b446057817e12ac3,548,21.9200,"High Frequency"
c3173c378b8940b4864ef5fb4c953e75,260,21.6667,"High Frequency"
b33c2646ad5a45aba93ce43816b58ca3,257,21.4167,"High Frequency"
0756b71ff9974b049295bdba4a29d8a4,278,21.3846,"High Frequency"
f6b76010606f4536b3e03b7e0917dc89,1272,21.2000,"High Frequency"
9386f28f466f4beab9353de550873936,127,21.1667,"High Frequency"
119d8f262a1c47639b3021db1f6f1e17,465,21.1364,"High Frequency"
97199aab639d479c91df95d20e60e840,274,21.0769,"High Frequency"
445ceb8389c1421cb5885ef6d62bec15,273,21.0000,"High Frequency"
492e842d55d945588e9315bc01714d5c,252,21.0000,"High Frequency"
4d44cf3a15804fda9c9f2e74c7e49917,420,21.0000,"High Frequency"
ede185bf57ec4183b14a2b1593ca5dab,273,21.0000,"High Frequency"
f770c2381414445f853cd61393a74957,231,21.0000,"High Frequency"
eed3bfe4ccc7485fbb30f6ee8a5a82e3,272,20.9231,"High Frequency"
c2f74044b8ba4710907560a2ddd0a546,271,20.8462,"High Frequency"
2300382f1f934c46b299c3cd575146f2,229,20.8182,"High Frequency"
52ceb40010054609b5d0ec1ff62f93d7,187,20.7778,"High Frequency"
0445a41c8a13460dafc586c8df9bb1d3,270,20.7692,"High Frequency"
e49dc68bd3f74dc28c5ac42ad0a39048,269,20.6923,"High Frequency"
77862ae0995d45fd9c44c7a124b67e16,267,20.5385,"High Frequency"
eae333a0ecf0460bb4ffcca122c4417b,308,20.5333,"High Frequency"
d9ac28174ee8436fbef4a341b440ab80,266,20.4615,"High Frequency"
df69a8c50de74328b9bc68e853cb0fe3,223,20.2727,"High Frequency"
71de31411cd4474fa961677579cda343,221,20.0909,"High Frequency"
01c07a63b3104a27b367143a69e48770,220,20.0000,"High Frequency"
1f068ca168cf48048c1012c3cccfd2ea,220,20.0000,"High Frequency"
028f736f750f4318aa71d62d3aa3d1bd,859,19.9767,"High Frequency"
15c7ad1435da4bf6924c5df4219c2602,179,19.8889,"High Frequency"
8e7740a2ad75419bb103a54f4a5a5fd1,217,19.7273,"High Frequency"
f08a65eeb1964831a2da25e2d17779b5,217,19.7273,"High Frequency"
a549807eb71046c48857f1a32277bd71,861,19.5682,"High Frequency"
be8b6039365b4ba88311c2c7f7aae779,172,19.1111,"High Frequency"
639f95866b8f411ba5e90cc95d87e73b,203,18.4545,"High Frequency"
df893a2dbb0c463892c170425953581d,201,18.2727,"High Frequency"
b2884344d1254f89a4984f16cab50cff,271,18.0667,"High Frequency"
9fb72f443118492c823855a99a1de6b4,108,18.0000,"High Frequency"
279602fb41c240689c5edfec63c7c1a1,677,17.8158,"High Frequency"
1f443df1286b4d73be27e785fcfc8e64,123,17.5714,"High Frequency"
597524e33ccf47e4ac71b86629dd628a,210,17.5000,"High Frequency"
69f2e893dd0d4cca97f611bf24012093,471,16.8214,"High Frequency"
2880b422ee214058893f6465c6e9786e,151,16.7778,"High Frequency"
9d2f0f1accb8482a9533c5cfebb156ed,132,16.5000,"High Frequency"
a1dd9266894f43929fc3f93e2dbfae86,888,16.4444,"High Frequency"
dbbbb90a9a0b405b81b981402d170aae,177,16.0909,"High Frequency"
f56e6be504904f73ae32fac0f59b2948,61,15.2500,"High Frequency"
adb8165ae2854e328e5399ff5f05dff9,91,15.1667,"High Frequency"
495db8625ba5400085dc0c1b7f32d0d2,60,15.0000,"High Frequency"
d01193c4a37e4f919836292e8bb88a8a,388,14.9231,"High Frequency"
6ff63b49b0684e08b01e5c43b304fe75,14,14.0000,"High Frequency"
ede20826e1b24abd90a0fc0ae6c4c7a0,178,13.6923,"High Frequency"
e65bebaf85694797b3dec50e8eaa5211,266,13.3000,"High Frequency"
3ef12aca125241b1988737645d022baa,159,13.2500,"High Frequency"
35002cd619a447109fefed4c462ce515,209,13.0625,"High Frequency"
0433c9d629f4487aa010eff0f035ae93,251,12.5500,"High Frequency"
e6d7d8b9151645e99726715b355224ef,163,11.6429,"High Frequency"
9e40cd677aa540cfa47de096166bf874,112,11.2000,"High Frequency"
cccfe6a3d67b4a80b51e80be3e33eb5d,409,11.0541,"High Frequency"
f6871da39f424bf190627dc8a0644c20,66,11.0000,"High Frequency"
adc365b1e2bf4ef39e595c1bf19093c1,240,10.9091,"High Frequency"
3b0ef4ad4294454a86505f918d60575b,21,10.5000,"High Frequency"
d70665e80e3846a58c8795570715428d,21,10.5000,"High Frequency"
2dad78add00e4fe2afd3ab0075800e31,227,10.3182,"High Frequency"
6cab33bc633e4c789935052edb3687ad,134,10.3077,"High Frequency"
d8884f082f4c432a9c0c38b90b721ceb,438,10.1860,"High Frequency"
89231801f5ad4531a7d183d7ca85f0bc,10,10.0000,"High Frequency"
ab8bb62e922240c8b1503e3e8f0a8bd4,10,10.0000,"High Frequency"
e12bb7a1291548ad91fdb83b154db69a,229,9.9565,"Low Frequency"
09a9107532594091ad2c94acfb515865,189,9.9474,"Low Frequency"
15379129a69444c98190bfe572f3448e,208,9.0435,"Low Frequency"
6bdbeaf45ad84b8c8d6c8a886a19e256,87,8.7000,"Medium Frequency"
0ae79b9824ae41b792e5f2b046efa162,94,8.5455,"Medium Frequency"
6e52f5ecbf194634aedca49ba39a8a19,169,8.4500,"Medium Frequency"
7e851c7ece9a43a3b2b4039fbb47c60f,91,8.2727,"Medium Frequency"
0e92b6ce6c1e4827b4ca266091c54594,306,8.2703,"Medium Frequency"
6c629b055617441ca71a5e2eda19deec,147,8.1667,"Medium Frequency"
17f6868ceea942deaf0b0c2ccc906077,219,8.1111,"Medium Frequency"
3e950a81f85f460ca8c0323a5541d2ec,88,8.0000,"Medium Frequency"
6f7b2dcc408b44dc996372ee8222495b,8,8.0000,"Medium Frequency"
a8a4d86e901143eba0f598013d570bc2,8,8.0000,"Medium Frequency"
c7ac99beff3a48f1bebf27a48dd8e4ba,8,8.0000,"Medium Frequency"
6da0900a54c74e2e9d416eb5d049277a,179,7.7826,"Medium Frequency"
70d3912ab061419db0af8c0b8faa56ff,23,7.6667,"Medium Frequency"
020b9de07095406bba54db965dc5f717,99,7.6154,"Medium Frequency"
a1be01f4e2724d4d94f17effc0b0ce2d,400,7.5472,"Medium Frequency"
e07a9e6d125744dfa3ae01b81899e653,30,7.5000,"Medium Frequency"
58de29a593a84f7ab376ac68071141ed,172,7.4783,"Medium Frequency"
414c99da7c8d4ac4842227442236ca81,294,7.3500,"Medium Frequency"
e19d0cbf8e6e48f7bd4c53d9aada6a56,131,7.2778,"Medium Frequency"
d56a287b591546f3bd8b6ae390061751,218,7.2667,"Medium Frequency"
0aa5f79f8c2343868c30c6eb07b010dd,194,7.1852,"Medium Frequency"
8f480d2f4df048bbb68abbcc03283c86,201,7.1786,"Medium Frequency"
f6c10c442f724f66b29a671d496bc081,129,7.1667,"Medium Frequency"
d710e93f79bc44f5a3a63709ed466037,192,7.1111,"Medium Frequency"
2f9f0c2151ad4d8c8a0a4abd4a4b6990,7,7.0000,"Medium Frequency"
968db31a69884aa99716dfc8e18b78d2,159,6.9130,"Medium Frequency"
589fa9fed3324a94b0eef344c516a9b1,85,6.5385,"Medium Frequency"
405b4f4b5af240dd937a6cd78e75908d,65,6.5000,"Medium Frequency"
963e347ded0c4a68826c012cd0cf6e7d,97,6.4667,"Medium Frequency"
f3b355c6efd84fe79a9e66ddf5276131,71,6.4545,"Medium Frequency"
51b42bb04982411f9ce572c695198ac2,122,6.4211,"Medium Frequency"
7e39c7dfcc6543a69020f4d136699e55,83,6.3846,"Medium Frequency"
535df6ce36b84cfea1eb3b5db57e8774,162,6.2308,"Medium Frequency"
bba0ba894dc846b9ba2ee72b072da46c,62,6.2000,"Medium Frequency"
bf156e5dffc649f488a168cc81f01acc,352,6.1754,"Medium Frequency"
26170a1ffd6f4b1f920da32dca5ae88e,209,6.1471,"Medium Frequency"
e673c1abcabe47a285973021fcedfbc0,182,6.0667,"Medium Frequency"
055cb8f0dbf8415f86dfb187bc367e9d,6,6.0000,"Medium Frequency"
1347338ea50147ec8df541beb1711894,6,6.0000,"Medium Frequency"
a41c9d1cd8aa4e05b2b9c99ed7ad1e7d,12,6.0000,"Medium Frequency"
a561d518d6204e77a06c1add19a3944f,6,6.0000,"Medium Frequency"
710ef115dad440daaf99387c93b0fb4a,119,5.9500,"Medium Frequency"
4378df150e384f53a6f7ace20a0235aa,172,5.9310,"Medium Frequency"
4a3c937225de40fbb3ddd179d3ab3851,53,5.8889,"Medium Frequency"
aca079c80ee64dcc96cdff340538c6f8,58,5.8000,"Medium Frequency"
6d6cf08fd4ae46099d2877608243c0a9,129,5.6087,"Medium Frequency"
f53f335ba5334bff9660e9636b88a2bd,116,5.5238,"Medium Frequency"
04dcd90e86b34454aaa3bb6c7c3f0e96,76,5.4286,"Medium Frequency"
b5a75460a9524fc7ac97522270bee4a8,127,5.2917,"Medium Frequency"
f93804958a0b4c57a5c81529cc5737cf,74,5.2857,"Medium Frequency"
66aa75928bd4406789300b478405ceac,52,5.2000,"Medium Frequency"
a0e3d01f4b73452eb930ac931bb5958f,82,5.1250,"Medium Frequency"
2bcfba3700f342609367eeebb1bae28e,117,5.0870,"Medium Frequency"
f625f1259ef54598a6f7a27da39a50b1,121,5.0417,"Medium Frequency"
1e5b0caeb13a408ab71053bca841c855,5,5.0000,"Medium Frequency"
2b5a91e5b1564426b78c47cd2a8a22f4,5,5.0000,"Medium Frequency"
2cdbbb19a3f04a09a6f74f2f2c3496b7,5,5.0000,"Medium Frequency"
c8486389ef2e4568813224af40c3ece9,5,5.0000,"Medium Frequency"
c09f10ffdc854436adcf00f8cd7db940,84,4.9412,"Medium Frequency"
5f33ad7268ff42a784663e9ce98d3ac9,68,4.8571,"Medium Frequency"
02c8248376704be6959ababbe2a8b4a0,116,4.8333,"Medium Frequency"
4661940319474ae59af93b74b20a033c,250,4.8077,"Medium Frequency"
59d84fc367384da08685f5368289684d,85,4.7222,"Medium Frequency"
22d15df18baa4e2b821c84675bc10c24,94,4.7000,"Medium Frequency"
9aa3c0223dcb448da40fb22a443082a0,61,4.6923,"Medium Frequency"
f6f756335c3742f99d69aa91162f329b,65,4.6429,"Medium Frequency"
c1c4c452a026452eb6e3312046663770,87,4.5789,"Medium Frequency"
c04bfe41992c4ace9a649f44dde46a31,68,4.5333,"Medium Frequency"
0c4e3deeb4d345138e381a980780264b,104,4.5217,"Medium Frequency"
258dc1f000aa491a90da194ca732a8de,9,4.5000,"Medium Frequency"
afa0793686174760837265cd224a0036,9,4.5000,"Medium Frequency"
e7e1b5294bbc4ba8a63082cd710bfccc,9,4.5000,"Medium Frequency"
f0c1520a23cb425b8ed72dad8ccced5a,70,4.3750,"Medium Frequency"
f3296bb44f4d40c3a7e199645349082d,52,4.3333,"Medium Frequency"
090a94f62d7c401990d8b7ed5607b2c7,60,4.2857,"Medium Frequency"
3b62c4f2406e491db96bc03cd7350709,38,4.2222,"Medium Frequency"
ef2eff629a364d3b972719ffab6cbfac,21,4.2000,"Medium Frequency"
e7f85c8c6c4d416c814d698d3bd4f2bd,96,4.1739,"Medium Frequency"
758291b704ff45cdbdf4260539e22071,25,4.1667,"Medium Frequency"
bd890cda9a8049f0805280e9b5bcb64c,91,4.1364,"Medium Frequency"
753f8ad1b8464ba5a4b1164a0a9b6e4e,78,4.1053,"Medium Frequency"
85c08eeda75644e1a0cdbd2a83a585c6,86,4.0952,"Medium Frequency"
ad081bc6c0e644158b2c76901c984973,65,4.0625,"Medium Frequency"
b90cb31b55a742598577a5c807bc16c3,69,4.0588,"Medium Frequency"
73cc1ea013d44bb4b271c8737dedef91,121,4.0333,"Medium Frequency"
07ae11b1453b42f6b7e4086557240a72,12,4.0000,"Medium Frequency"
4b75762539ca4c27930f96111510e93a,8,4.0000,"Medium Frequency"
515d449a8fd04d3b8daac58f75353900,4,4.0000,"Medium Frequency"
970faa770bbe4285867c6cc4341fda68,4,4.0000,"Medium Frequency"
997667e5b2814d199f977586de50fe4c,4,4.0000,"Medium Frequency"
9e2699fd87e842c39202fe786a9bc97a,4,4.0000,"Medium Frequency"
e0e5647ffc1941d396f6f9fb2c6be259,12,4.0000,"Medium Frequency"
f829427f6e9646d9acda5303f7e4182c,116,4.0000,"Medium Frequency"
4ad87327722a48519da4fb29cb781f9f,59,3.9333,"Medium Frequency"
f7bc4d4f9d5e4633bcdba32568181069,58,3.8667,"Medium Frequency"
faccdf69e21f4e57b0d7b0894afffc10,50,3.8462,"Medium Frequency"
6533e90d901340d28105e7048e494714,34,3.7778,"Medium Frequency"
d76243ba830c40bb947ae1ac088f704e,34,3.7778,"Medium Frequency"
609b103d92224e55b77bb5b8fcfebe9f,89,3.7083,"Medium Frequency"
9c9ff0ebc6ed4f2493411b352223ac12,63,3.7059,"Medium Frequency"
88c44272bafe418ca5442935474f199e,37,3.7000,"Medium Frequency"
d65c438f209d4652b12f70f4ecd6927c,37,3.7000,"Medium Frequency"
c6a69165a7d843018f2c3ecbbf872b8b,77,3.6667,"Medium Frequency"
ce162aedc2aa4362bb9e08c859522d45,69,3.6316,"Medium Frequency"
43ba81043ec843868ffd9c6a3d6d1400,29,3.6250,"Medium Frequency"
beddd267ead2416d8f0f5f03293283da,36,3.6000,"Medium Frequency"
eb32b23c8dab4dfc8bee81cab1761d69,36,3.6000,"Medium Frequency"
050c1a5109c54cd6a719fb2562a951cf,35,3.5000,"Medium Frequency"
1afc6a82f634449288cc1ec3384f03c0,7,3.5000,"Medium Frequency"
df8b2293ef344f4abb862a02112d4e42,14,3.5000,"Medium Frequency"
f8798fe5402d4e8b89e2beb284b0282f,7,3.5000,"Medium Frequency"
f5f5f5f85ac045c2b04c9e56ef4cb2de,41,3.4167,"Medium Frequency"
e11d2e0caa2740ffa45e1ac3b79d4027,58,3.4118,"Medium Frequency"
402270a48363419390d065cb21408c21,85,3.4000,"Medium Frequency"
eeaaf4120dcb410791a3e3dd96339a78,34,3.4000,"Medium Frequency"
3bb26eee793249eabf5b67b1fe9a34d6,44,3.3846,"Medium Frequency"
b4807a77d12d4ea4a72300654ab155ff,44,3.3846,"Medium Frequency"
b01c641dc40d473e82f78bb543ff5d54,71,3.3810,"Medium Frequency"
0aa2c1b04b864e7eb5f1cd6c82cf52fa,30,3.3333,"Medium Frequency"
014e34f74f004e7aa0be573ade637f28,43,3.3077,"Medium Frequency"
de8bb5c48c2643b2af039fb419fb23f0,43,3.3077,"Medium Frequency"
e83f7d17a2364b27ad2bc470aff630f6,43,3.3077,"Medium Frequency"
be959f8b16c8473194679bde22ff2643,33,3.3000,"Medium Frequency"
c308d246f968463d998635ed19877dce,33,3.3000,"Medium Frequency"
1774be06d5ca44e58fdd7de6766950bd,46,3.2857,"Medium Frequency"
183bd96779f24628911ad4494199f09f,46,3.2857,"Medium Frequency"
2ba096f5213d4e5e8c36f30cfd0ccc68,36,3.2727,"Medium Frequency"
6c7072e41c8845148047d43556713271,36,3.2727,"Medium Frequency"
a058bcd7910d454395e62102e798f0f1,13,3.2500,"Medium Frequency"
e63c48784f614333893697a03fc70120,13,3.2500,"Medium Frequency"
0a89630fe66c4832b7395b8f2408e27f,42,3.2308,"Medium Frequency"
2631c369c5cd459a8f2d0fb2093bfba8,42,3.2308,"Medium Frequency"
4b0ad42d24d2413ca0cc332a96c4f427,42,3.2308,"Medium Frequency"
1e9a9a115ed34ac7a415fc92db39a477,29,3.2222,"Medium Frequency"
bec356203f054a7d8de9a7565508be67,29,3.2222,"Medium Frequency"
c3ff4c3d085a4c12a04c520df7deb149,29,3.2222,"Medium Frequency"
39b02ccdcf0548ed9051a08abbab405b,45,3.2143,"Medium Frequency"
d84c269140be4419b489bed2cf373891,45,3.2143,"Medium Frequency"
967cd33144a9403a8ed031be0cf5f790,32,3.2000,"Medium Frequency"
d8b27d44de734d9e973913e74ca3e9e3,32,3.2000,"Medium Frequency"
93c744a015274135b940d893faa19818,35,3.1818,"Medium Frequency"
023b6ccad4d14bc88f9ea756af48839e,57,3.1667,"Medium Frequency"
3dba82a793da46e5aa4a7d148c88aa48,41,3.1538,"Medium Frequency"
6d763c381a11400c9f34b10c214e2173,41,3.1538,"Medium Frequency"
2acd78d385a64c18b4fdee7dcbc0b203,22,3.1429,"Medium Frequency"
bc2df42c78974506951f7aa301b748ca,66,3.1429,"Medium Frequency"
471207f4caae4fca9a44ec7e8e6e0ec5,25,3.1250,"Medium Frequency"
89bab196749c495eb2196dd4a36a317f,53,3.1176,"Medium Frequency"
92e128bf42054e89a10e2523745e838e,28,3.1111,"Medium Frequency"
9c6abd71cff34ad3bb694d569048b119,28,3.1111,"Medium Frequency"
a2c6f4df4b724714ba95b34d8f6a0b90,31,3.1000,"Medium Frequency"
aa3ae20524b1421dbadb63fd9e8284b9,31,3.1000,"Medium Frequency"
b1d0fa6b28cd4501939ebc55c13c445f,127,3.0976,"Medium Frequency"
c082c165ebbc416398faf6486632e608,34,3.0909,"Medium Frequency"
05be447bb0c74915ad53aabe3db051c3,27,3.0000,"Medium Frequency"
1cb40b2323ae4c139af2eceba1bac16d,3,3.0000,"Medium Frequency"
1d51665cfb944555b2bce7d331fd885c,21,3.0000,"Medium Frequency"
23f1c73c6e5e468d98bd8e5364bc3763,3,3.0000,"Medium Frequency"
26ad7ab087254b76b9c36a02d856b0b9,3,3.0000,"Medium Frequency"
2ad99e4694c44614bee67a81026cb325,21,3.0000,"Medium Frequency"
3e13e2515e364ec9b1347a38617605d8,9,3.0000,"Medium Frequency"
3f25b7b28fab4b7da516362ecac6c581,3,3.0000,"Medium Frequency"
69bdd658e63b41db83acd5ade2b64271,6,3.0000,"Medium Frequency"
6a9270e8364e4405a328de179068d9d7,3,3.0000,"Medium Frequency"
750cd10ca82048608ae68ea3316d30f0,3,3.0000,"Medium Frequency"
76703cd2b13c44c3be2d8f9ed31ae890,3,3.0000,"Medium Frequency"
7e1e426ef9e844819c2a11fcdb89b1d6,39,3.0000,"Medium Frequency"
93a3314a2c4c4298a5721d83a3c9d74b,3,3.0000,"Medium Frequency"
941ac79d0e4e42ebb39e7050a9aa9dbe,3,3.0000,"Medium Frequency"
9c95fc1e7ced44aaa84395e4d2dca5ce,36,3.0000,"Medium Frequency"
a31700dd40084cad995fe5ae674d224d,18,3.0000,"Medium Frequency"
caf5e77509f042f3b4fc4fdbfbc35ee1,3,3.0000,"Medium Frequency"
e4dc0ee4a7a6405b9dd5f2a63f0740dd,3,3.0000,"Medium Frequency"
e9c72bb4b7564fe1838fb6ee0859d6b6,3,3.0000,"Medium Frequency"
edab4ad0739c4f23b156eff2b6c72f3d,39,3.0000,"Medium Frequency"
efe6a547d1204a40852b0528e521605e,39,3.0000,"Medium Frequency"
f0556bfa76ba4b6eba9a0723c6859ac4,24,3.0000,"Medium Frequency"
f37ef7a3dde54f038071a53272ab0a35,27,3.0000,"Medium Frequency"
36783de4661748be9de002d567ef0dfe,35,2.9167,"Low Frequency"
9fa0aa5af0434bcda0f42128733d08c0,35,2.9167,"Low Frequency"
01cec4f5e94d4991b5c79d4142b6313f,32,2.9091,"Low Frequency"
2e5e18cb4b14431e9952a19226a57ecd,64,2.9091,"Low Frequency"
6b52ff3205eb4f9993fcbaba2380f534,32,2.9091,"Low Frequency"
0a2baac2599642a18ab11f6784a140e5,29,2.9000,"Low Frequency"
81b4098cbacc4b6684d9058cbb3e81ff,58,2.9000,"Low Frequency"
d32c630b3b6e4eb79dfbaae90304a9c7,52,2.8889,"Low Frequency"
e2977ff4559141ba9819f3a23efef11b,43,2.8667,"Low Frequency"
efba4f4b4bcf403aaf814353addbdb6c,34,2.8333,"Low Frequency"
78d4c734bd824f868c3a57d8bda56b0f,14,2.8000,"Low Frequency"
4443d5c57b8549a5897bbfe2c5aa8ca8,22,2.7500,"Low Frequency"
8b474376d3454a23879e4140560a27ab,22,2.7500,"Low Frequency"
a32bb7c295c94bd5a6dd0538406b4458,22,2.7500,"Low Frequency"
d510705f517d4875a1ceb7fb8b891eed,30,2.7273,"Low Frequency"
f574f1f2ef414990996ae4ce639f2f4b,46,2.7059,"Low Frequency"
04c16501b8ea4f71adbcff578bc2cc28,8,2.6667,"Low Frequency"
39d93d145b444c78bf5425a3850cf78e,48,2.6667,"Low Frequency"
918ea18a3ad54847ac75f9851caa76a9,24,2.6667,"Low Frequency"
9cc9b2b01ddf4aa68e204f67e01ca25f,21,2.6250,"Low Frequency"
c265bfa8972347ba82d06621a327d062,21,2.6250,"Low Frequency"
5928e8f10e8e44baaac2d93225d033e3,34,2.6154,"Low Frequency"
275bcc3a96df4e1a93696ca990f7a2b4,43,2.5294,"Low Frequency"
14128cdf40bb4385b7823494e7cdeba3,55,2.5000,"Low Frequency"
a03c8a7e8ce64f99909173fe337e7f42,10,2.5000,"Low Frequency"
bfe4e5d08c2a4ad9b7ebdf3d5af1acb9,36,2.4000,"Low Frequency"
9f34ed1cea8f457dbccea0652440140e,102,2.3721,"Low Frequency"
0081f354fdc54a83abf66579629eba34,51,2.3182,"Low Frequency"
06d73a882815499ea6eaf4678ed279f5,69,2.3000,"Low Frequency"
d21c2aa35647422d91d83b1641a9ebba,23,2.3000,"Low Frequency"
61b4ea38b8184059bfe97d788d260054,91,2.2750,"Low Frequency"
c1b0cfbf6c13435db73cfeedbb5dbe85,43,2.2632,"Low Frequency"
af32428ea6c4458781e82c44fc538482,27,2.2500,"Low Frequency"
b4b402a57d0c4eaa93db89880a8ae8ed,20,2.2222,"Low Frequency"
57888144a53545a99bf834c9904ad135,22,2.2000,"Low Frequency"
7d93ccb946c64bec8fcaf5a4893cb96f,26,2.1667,"Low Frequency"
21c8aa0ddc7140bf8828da73dc325d73,49,2.1304,"Low Frequency"
ba591ce74921431ea2349b53e54650a1,17,2.1250,"Low Frequency"
f1b4199d25974ac1b3390ef499be50ad,34,2.1250,"Low Frequency"
338b008e47074360b48dec98213e6fd8,23,2.0909,"Low Frequency"
f14e3c77cf1b4a55a02acbd4b504f48e,27,2.0769,"Low Frequency"
fe7fd348da874d6da067d34c93732ada,29,2.0714,"Low Frequency"
6b15d2a3c01e4f8e801e63690da5029c,31,2.0667,"Low Frequency"
02013b020d2440768791d606e25a0ca3,2,2.0000,"Low Frequency"
079ce2e02bfd43aa9219ce37a3f76579,2,2.0000,"Low Frequency"
0acb36179fee4ae4819fd9787d264587,2,2.0000,"Low Frequency"
0c97c6625f2e44488be86311ba19f48e,2,2.0000,"Low Frequency"
0e93554740464c2d979bf92620cc564d,2,2.0000,"Low Frequency"
1304e9a6279f496982ff63f67a2c6d1d,12,2.0000,"Low Frequency"
1526f3e212e7403384c4cc4f2a5038c7,2,2.0000,"Low Frequency"
164f965ecafa4b1d8632b9040c7c72c1,2,2.0000,"Low Frequency"
16ff36720c4540d4ae7272d042b7423e,2,2.0000,"Low Frequency"
17d9345656ef4bf397ca59f2b5a32872,2,2.0000,"Low Frequency"
190824459f654bc493c6ea623003aa2e,2,2.0000,"Low Frequency"
1b5b0c283d5246529b42d68c8bbd51c8,2,2.0000,"Low Frequency"
1bfa01da0fd64e9999b7365a0545d3a2,2,2.0000,"Low Frequency"
1d9a51032afd4e70b65e94a45d26fb61,2,2.0000,"Low Frequency"
201fd9e97b924d6a96e945869070906b,2,2.0000,"Low Frequency"
2078d5180a3c4ae991dcf80a9b4c67c2,2,2.0000,"Low Frequency"
259320b5d999497abe06b473a2a736e5,2,2.0000,"Low Frequency"
293e73ea422c434eb72259dfc77266a1,4,2.0000,"Low Frequency"
2a4982bf3c9241cb8c655e3276dbed63,2,2.0000,"Low Frequency"
30344b6361d04175bc63ffc1e75b86f3,2,2.0000,"Low Frequency"
330613e2f25448a4b42724962f28311a,2,2.0000,"Low Frequency"
36374b72d39f4969b84f6b711ed17c7e,4,2.0000,"Low Frequency"
39d1eb4d2a9341e8ab344d1bf2bb9bf1,2,2.0000,"Low Frequency"
3a32a6863fe3494d8389f6e9e58d9ce1,6,2.0000,"Low Frequency"
3ab5c777c773478eb64bccc751e97ae8,2,2.0000,"Low Frequency"
3f5f963277d74244a765ef39673a7ef5,28,2.0000,"Low Frequency"
3fd352e7d6184c47b947d00d657a0df0,2,2.0000,"Low Frequency"
40cc50c238e447959454d0ea94a9ede4,2,2.0000,"Low Frequency"
42f0c6878a93421e870f8735441826fc,2,2.0000,"Low Frequency"
487180b0282847abbcb0d64dfeaa63c9,2,2.0000,"Low Frequency"
48ff75653b5f4c96b0d74f9630bd9921,2,2.0000,"Low Frequency"
4e76767682a84705a34cdc831db9b889,2,2.0000,"Low Frequency"
5241683aa43245cbba509847f23925e5,2,2.0000,"Low Frequency"
5ae01f719fc144afbabec67fdaaf99e8,2,2.0000,"Low Frequency"
5b2f8e952c2f4f2ba1d6e78d9d89a074,2,2.0000,"Low Frequency"
5f0ec4c6ec7e426d9c780bac72317522,2,2.0000,"Low Frequency"
6035b64c62a440fcb0934b754fa5d332,2,2.0000,"Low Frequency"
62062f4742f646b8b5f3b085de11096a,20,2.0000,"Low Frequency"
622a265463df49fb85c6966973ea2e7e,2,2.0000,"Low Frequency"
6480fc26bb3b4889a3b3565137c6f305,10,2.0000,"Low Frequency"
6f045b731a4041e58749a518cda2cb6f,2,2.0000,"Low Frequency"
7512f9f8fef04f82876480d56c850c32,6,2.0000,"Low Frequency"
75f5267d48ee4b32ab3edec5d671a7f4,4,2.0000,"Low Frequency"
76d20ba67a11458f8e114b1e9985393e,2,2.0000,"Low Frequency"
7affcd43f69e44b9bfb8aba36f916d9d,2,2.0000,"Low Frequency"
7b1a2638d2324431a0f5d2e92c6e7bf7,2,2.0000,"Low Frequency"
834dcc26cea94093bb2915e35842e784,2,2.0000,"Low Frequency"
87d909f0f56b4b918c8261457806be07,2,2.0000,"Low Frequency"
8a05e4b424254998a5e567279cb99e46,2,2.0000,"Low Frequency"
8eadb8e605a548bbbbac26529afa5914,2,2.0000,"Low Frequency"
939d18200f084fdbbc431fc6d7739cf4,4,2.0000,"Low Frequency"
945457ee4a544561a383a619e18838f8,36,2.0000,"Low Frequency"
96ef884bceab46b99bf146fcbba0e70d,12,2.0000,"Low Frequency"
9cb67321e24e420aace8357ed02bfb88,2,2.0000,"Low Frequency"
a28b69a830674255a64193136f2c064d,22,2.0000,"Low Frequency"
a35dd487a6d0482e8308416579c1e716,2,2.0000,"Low Frequency"
ab545ae185034c33b8bbdb0e2ad3009a,2,2.0000,"Low Frequency"
b8ec2b09992b4bf98d2895356c171640,2,2.0000,"Low Frequency"
c262e2e1fbc44993ba09a6e9be41edd6,2,2.0000,"Low Frequency"
cf2abd0f572942d18281896ba6f58613,2,2.0000,"Low Frequency"
d325769058de408ba78ad7a2bd882573,2,2.0000,"Low Frequency"
d749108854e3448eb802ab2d4f41155c,2,2.0000,"Low Frequency"
d85f1b279bcf4ea9921b6ac9a1f9712b,2,2.0000,"Low Frequency"
d9832ba0b06c40be8ee1eb1d97ff3f38,4,2.0000,"Low Frequency"
e2b4b1c0b3954437b22181106f62df42,2,2.0000,"Low Frequency"
e3b863b7f1654aeca3c941423e35aa03,2,2.0000,"Low Frequency"
e433cf8a5ec74ac595ec0f63a5fda6f9,2,2.0000,"Low Frequency"
e4a6d57e2b754dcf87f650578d4f4503,20,2.0000,"Low Frequency"
ec435b9e0145454592a87ed3e854fd6c,2,2.0000,"Low Frequency"
f08914c45cd24da38692eb4824fae681,2,2.0000,"Low Frequency"
f2cc3296e7df4d94a17548481f0fe35b,2,2.0000,"Low Frequency"
f7e6a72d9bbe4e31a24d2be7d17df747,2,2.0000,"Low Frequency"
fcee7c73294e45b09f84e8ac4f25a95e,2,2.0000,"Low Frequency"
ff0f59eaee7247a998ce4c34b5bff6d2,2,2.0000,"Low Frequency"
03da7601f3fe46c79a3100da4fce1f95,23,1.9167,"Low Frequency"
ee248dcec14e432788bad4d7dfb0cc31,21,1.9091,"Low Frequency"
1931ab72a6614864a8f2cd176d3f6a4b,15,1.8750,"Low Frequency"
6d6d94cb341b4548929a6a9158d41a70,28,1.8667,"Low Frequency"
7a12b53865764ff4bd25853010f8ad3f,82,1.8636,"Low Frequency"
c25af3630bda4bffa8a6c4d15bd28bf5,11,1.8333,"Low Frequency"
3349a653305a47678ab21bf025df8d8b,29,1.8125,"Low Frequency"
89a6d468d86641afb7e03c18720ddbcf,18,1.8000,"Low Frequency"
44a307905e8741aca5f60151dc6d7f7e,19,1.7273,"Low Frequency"
f4b4a4d9d2d34650b29714a5ed586669,19,1.7273,"Low Frequency"
0cf2369925af40ea99e5a44e7794f09b,15,1.6667,"Low Frequency"
4d18ef4e6665444cb40f18673c2bbffc,10,1.6667,"Low Frequency"
4d4c6bf19a784ad88f2e8c092f8e706e,20,1.6667,"Low Frequency"
492421ea8ceb473c8ce20e6ff036f1f4,18,1.6364,"Low Frequency"
1012e7089c674c49bce1ee2cd31fde5a,8,1.6000,"Low Frequency"
24bbd403ebb2455ab39c934925cc7478,8,1.6000,"Low Frequency"
50ffb8552df54be29dee9a515cc6cf53,17,1.5455,"Low Frequency"
c4f3c33b865b47d1bba8ef09912a764f,26,1.5294,"Low Frequency"
066a474fe45b4024b2410d9e0b9aea86,9,1.5000,"Low Frequency"
0792de73788143e180789a5852939f35,3,1.5000,"Low Frequency"
0f80a85d15cb439f95e1f88d4eafa482,3,1.5000,"Low Frequency"
10cc87aeca044ff98ffe675f350f812b,3,1.5000,"Low Frequency"
2b9e642aec4949c3af0e5c75e8cb1495,6,1.5000,"Low Frequency"
35851a03131d4b46837acc586021d538,3,1.5000,"Low Frequency"
487250875221458aa4229355c46cc3c7,12,1.5000,"Low Frequency"
4ae0534cee1845e49c5c9806773b74ed,15,1.5000,"Low Frequency"
78533ddb2f5d4b479bd0f950c2b23f97,3,1.5000,"Low Frequency"
7b561d04a0c24c75b4da8f2196e506a2,3,1.5000,"Low Frequency"
910db40bc2c6427ab359e51d84622b05,3,1.5000,"Low Frequency"
a45632518e02465aa2376f5c6f8835f6,6,1.5000,"Low Frequency"
bb0cb0d44c99476ea9d6b15cff9eaf35,12,1.5000,"Low Frequency"
c6a4f2ef370a4decbd4372820b738bc5,3,1.5000,"Low Frequency"
eafa53efb3e6461da85fdddfcc3be2ab,3,1.5000,"Low Frequency"
f7ee9ced0da64b20a373505ff162c446,6,1.5000,"Low Frequency"
fd947ba1f47a490c8b778db7dd2fa472,3,1.5000,"Low Frequency"
bb0e119bedff4c28b13f67b2eaab49d9,16,1.4545,"Low Frequency"
d93dd943e0804403b7aed5d7e9ab4a04,32,1.4545,"Low Frequency"
7258b81a47074d25b8f5e43a621dd2e5,13,1.4444,"Low Frequency"
ac369d408e9f4da295738122e77cf513,24,1.4118,"Low Frequency"
de3a65dc77cf428480f6304151e91e6b,14,1.4000,"Low Frequency"
34c3ec4a7d4740b29144f142fa1bff73,18,1.3846,"Low Frequency"
4bad0eaac464452c97619a7d0bca2b50,15,1.3636,"Low Frequency"
93e67d3ee3d448dcb6986c124c0209b4,55,1.3415,"Low Frequency"
4a7273a2357e44be8ef28ae39a23b780,4,1.3333,"Low Frequency"
5e15dc7d5efe4feca226837d35f25f4d,4,1.3333,"Low Frequency"
6dff3bfd70974c7f9a3fb4fff9b284c3,8,1.3333,"Low Frequency"
c71b29fb83e541dea7a03dd3abb1268d,8,1.3333,"Low Frequency"
a19e319edd3745798613211abb7a2f6e,25,1.3158,"Low Frequency"
92e375aa763a49ef844061439ec65879,21,1.3125,"Low Frequency"
09a4c4927ae8435d85dbdaa879240ea2,22,1.2941,"Low Frequency"
38c757fa310141bd96433e6b7b674715,22,1.2941,"Low Frequency"
0ca465bf63424c13b452796a47dedc9f,9,1.2857,"Low Frequency"
1b14dc7040484782b2001299907d44e6,9,1.2857,"Low Frequency"
2d2d6d49d658473f879c90d10d057249,9,1.2857,"Low Frequency"
58cbae5faae344c3b86aa403669855d0,9,1.2857,"Low Frequency"
826d655905b74743b32b1d75b20a6673,54,1.2857,"Low Frequency"
f4fbe1887ef74ebbaa52b2164608d228,9,1.2857,"Low Frequency"
5cd31a65c47d46d7b047296c1caa3796,14,1.2727,"Low Frequency"
5fdde2afa0bb4b08994af6632eece108,14,1.2727,"Low Frequency"
01b6220d3c924888921599effa2142a1,10,1.2500,"Low Frequency"
92b1d35bd0a94cc5914c0cf2177fed90,5,1.2500,"Low Frequency"
a38d6a58005b41ef95f48595aab867fb,10,1.2500,"Low Frequency"
cbdda680d16c4af39541d77c2bf8a1a7,5,1.2500,"Low Frequency"
f6e7ef607fac4b1a913cbb103d21828e,10,1.2500,"Low Frequency"
fb83d51e8ee14637b4c7e64b7dfdf44f,20,1.2500,"Low Frequency"
7dc08d5a5ccf46bf9f300ebbba4b3cd7,16,1.2308,"Low Frequency"
3993dd844ec54bc2ba1d0fbcd9b66faa,11,1.2222,"Low Frequency"
5f0698d8e46042158fb3e95f5761c9e5,11,1.2222,"Low Frequency"
0fc5197186494316a05fa388a1bfe237,6,1.2000,"Low Frequency"
3bed020b1a704a9a8637724fc9e68bd2,12,1.2000,"Low Frequency"
60a32d25575948a9a40d014a9e4e0692,6,1.2000,"Low Frequency"
ad26328886624ee0b95ee53fbc5f5b62,6,1.2000,"Low Frequency"
b4cf2cc4be6e40489eb08e3df3973096,12,1.2000,"Low Frequency"
ba309322c8c14d88b70028082b993b46,12,1.2000,"Low Frequency"
e841278345a74f97a5ae866f7058163a,6,1.2000,"Low Frequency"
072504cb229248288c57386a5a5811fb,13,1.1818,"Low Frequency"
767a466180da4acdb906d18b00067b45,13,1.1818,"Low Frequency"
54660d0ba4bb45498689658dd1f219e3,7,1.1667,"Low Frequency"
78cc60eed7a84cf8b1e9516d9cdbb5ef,14,1.1667,"Low Frequency"
86cfa77223144beab1e6a83d06b57c50,7,1.1667,"Low Frequency"
9311ec1068eb48a89498153824e39279,7,1.1667,"Low Frequency"
e030efb8a5e54268af43bec906ec2121,7,1.1667,"Low Frequency"
ebeb83d617184d5ab34e29f676c7bad3,15,1.1538,"Low Frequency"
89279405e8a14b00ba8728d8b70fa7ed,8,1.1429,"Low Frequency"
bda57747dda34ea49d86b2c50ab4e400,8,1.1429,"Low Frequency"
be955daa1d864ac6b4c0506e1d362fbf,8,1.1429,"Low Frequency"
ea6ba33512234b1f89313d8bf0000798,8,1.1429,"Low Frequency"
fc2268ceb39240739e198ff5f243f922,8,1.1429,"Low Frequency"
03f359c97eb0483fa1ae8fa838dd22a8,9,1.1250,"Low Frequency"
21826651f06946fd96b62bb67ec875e8,9,1.1250,"Low Frequency"
3bb796d4cdb74b7184ee17e98755e8e1,9,1.1250,"Low Frequency"
57ddc708a5804372899fe8f827f5f979,9,1.1250,"Low Frequency"
6bc6a421853641509b240398c23f3ea2,9,1.1250,"Low Frequency"
98c9737ad1b448f5ae091dd095d9b6ce,9,1.1250,"Low Frequency"
d38976e2a7854b97be211103308d3803,9,1.1250,"Low Frequency"
e193419edde841a88984d679917dca40,9,1.1250,"Low Frequency"
7214313bf87640a4afb3c0a81ba338a3,19,1.1176,"Low Frequency"
0526eee494fb40fe8e2b24fd4088e41b,10,1.1111,"Low Frequency"
0ab451de84044ebc947550b47e5c2499,10,1.1111,"Low Frequency"
2c0cf7d384af439c9460e5691c07ed2f,10,1.1111,"Low Frequency"
a6204017423545a0866653d43ccc8ddf,10,1.1111,"Low Frequency"
ae89c480daf8405fb57d639b646c8be6,10,1.1111,"Low Frequency"
b2b1fd97684c404889c932cb7ae1f272,10,1.1111,"Low Frequency"
cfc735efb6874e2fa0c11f0c43839965,20,1.1111,"Low Frequency"
e4f48afaa524491eac14cbc43d49d372,10,1.1111,"Low Frequency"
ef605992d9054143955fb47dd0ffcfab,10,1.1111,"Low Frequency"
3b5aa2687dff494e98f3389c57e5befb,11,1.1000,"Low Frequency"
544d36e7249c4cf9b1da1d9b676b18b6,11,1.1000,"Low Frequency"
61a9a5bae39d45d2b7dd3d73aeedd697,11,1.1000,"Low Frequency"
8803618c6cf547fb928998f695d5ddb4,11,1.1000,"Low Frequency"
91e37a43851f40e49653874691ea1340,11,1.1000,"Low Frequency"
9d3348bb33f04de3a266dbd66b6cf9d7,11,1.1000,"Low Frequency"
a62c3ea3a6a7492283aecb937f910c1a,11,1.1000,"Low Frequency"
b31c8fdf45e74bd5a86631e0f7631c6e,11,1.1000,"Low Frequency"
bfadc6c497ff46b0abdb69308cdd57f4,11,1.1000,"Low Frequency"
ca8a13c15b244d8298f70ca094257c8f,11,1.1000,"Low Frequency"
cf2385f272bb4311915e51abc5437644,11,1.1000,"Low Frequency"
d459373f3d4d40eb97f0d567e22a708a,11,1.1000,"Low Frequency"
dff1a9c25063449ab40a5893ecc32fb0,11,1.1000,"Low Frequency"
ec821c8002c2405a8f09ef7ef0c52012,11,1.1000,"Low Frequency"
3cf31d44ba9c4f12bd4322995a4b4b27,12,1.0909,"Low Frequency"
72a1b530d1734fab846392f5fa425d02,12,1.0909,"Low Frequency"
8e71b990b17b4e09a271f0fd5dff9cdc,12,1.0909,"Low Frequency"
b1180130c5af41779e6de0e63e880077,12,1.0909,"Low Frequency"
bd10369c341843f8b696cf96c76f3452,12,1.0909,"Low Frequency"
cadd6ef23c164c0cbfc12d2cf507ce20,12,1.0909,"Low Frequency"
d2ef02312087402596800e13521f7d18,12,1.0909,"Low Frequency"
2987eda2405a4053b6fd09160944c5eb,13,1.0833,"Low Frequency"
74b0c6f273424ce7a122a07c0f05ad02,13,1.0833,"Low Frequency"
5118900694bd4ebb96fee8eda581cbbb,14,1.0769,"Low Frequency"
bf69d0fd68ad4809b8c680f866b96237,14,1.0769,"Low Frequency"
e1970d4cdc1f4b46ac30bf1d0fed3ec9,14,1.0769,"Low Frequency"
e312b8c6845c40b594b65964054da7e1,14,1.0769,"Low Frequency"
2ee6ef93e9454ee883b089477da41ee6,16,1.0667,"Low Frequency"
94b0ac569e13412bb3e4f43d89de6bac,16,1.0667,"Low Frequency"
c985c01f85d94a7f8a6e213c2705a6d2,17,1.0625,"Low Frequency"
fe9e6f3a41414a2db8bcb106fd359862,23,1.0455,"Low Frequency"
8a16a000fd8f412a89de356de94a5dd5,36,1.0286,"Low Frequency"
00aab34a8d5d4591942b3f4ce1ff8aa2,1,1.0000,"Low Frequency"
0106c8c221874837a96d7dc2c2ed2fd5,1,1.0000,"Low Frequency"
0607086077544c55833e09d3b449df75,16,1.0000,"Low Frequency"
072b84a1f86f48fe86a731f9447f2175,1,1.0000,"Low Frequency"
085e42f793fa442c8670eed4a10c7465,1,1.0000,"Low Frequency"
08c6fe3b46df4c318a00951642001e71,1,1.0000,"Low Frequency"
08c7db2fef704ea194493185199ad2c3,1,1.0000,"Low Frequency"
0a74a3fc84034184b9d2bf65f6f39dee,1,1.0000,"Low Frequency"
0a87474c039944d4b6160276e3fa5c46,1,1.0000,"Low Frequency"
0b61d59179e84587affc3c17825e21c6,1,1.0000,"Low Frequency"
0bc2cc5433df4e58a909831c61dc37dc,1,1.0000,"Low Frequency"
0c3aabad69014ab5aa2a05adfa4684b7,1,1.0000,"Low Frequency"
0e33bd8b3e0e40ad94021263cf7e1bd6,1,1.0000,"Low Frequency"
0e4cf48f5dc74366b955abe88c6dc77f,3,1.0000,"Low Frequency"
10f2447e17a34611ab6f1df7a6e65b03,1,1.0000,"Low Frequency"
11b6dd446dea494096d2eddcf25d7cd1,1,1.0000,"Low Frequency"
11f91ad38d4b43cc8f4783d1f096d5b6,9,1.0000,"Low Frequency"
12436e9fe1d94251afca9f468522a920,1,1.0000,"Low Frequency"
131520a55fe54f9081f19394d2a2c4c7,1,1.0000,"Low Frequency"
1335fc4c62084395b558afc1ee15945b,1,1.0000,"Low Frequency"
13b3032ed82b4d8c99863777d67750c5,1,1.0000,"Low Frequency"
1517f69e6e604c43b6d5ac0ac7a671ef,1,1.0000,"Low Frequency"
16af833c11ae4499b147f53907f3b7bb,1,1.0000,"Low Frequency"
17ce2f4418874f4e9a2e2251b26bdf36,1,1.0000,"Low Frequency"
18172ed6099b4a448b4d589c0c7744e6,1,1.0000,"Low Frequency"
182e4ab81b94420ba429787d81a46908,1,1.0000,"Low Frequency"
1837a33bb09543d28e77a399cba98b26,1,1.0000,"Low Frequency"
18c3b9575ccc4554b424d67d5a3e8985,1,1.0000,"Low Frequency"
19d8351119824b308f07bca1921a7a8a,1,1.0000,"Low Frequency"
1c03d00f9a754e64be540387b9d39e57,1,1.0000,"Low Frequency"
1c4a3e506cd04545af026e7fd3e3425b,1,1.0000,"Low Frequency"
1d923ca31dc34176918d165e835dea51,1,1.0000,"Low Frequency"
20213c495b7b496d8d7374fcd24bf131,1,1.0000,"Low Frequency"
2071c8b49fc74fba9d4ddf3c2bbddc86,1,1.0000,"Low Frequency"
20733dab758f4a2089da597c25090c56,1,1.0000,"Low Frequency"
207fb31a6984478e85fa0182695d2b05,1,1.0000,"Low Frequency"
21bdca5b10d64e0cb04833c25bfbf360,1,1.0000,"Low Frequency"
2273aa50c6bd4eac927948254b31ab83,2,1.0000,"Low Frequency"
22af70e7150f4b5dbb84c531562999d8,1,1.0000,"Low Frequency"
233e07ce6d794f7f8f47d1b2f675c747,1,1.0000,"Low Frequency"
24560f920f634d7e8c90a9d14030742a,2,1.0000,"Low Frequency"
26ee2882bdc8402299e902a279f7c998,16,1.0000,"Low Frequency"
27af3c7b0bb142639d279642964c93d4,1,1.0000,"Low Frequency"
2bfe84b497b9450cb069b2c2fcdc4bda,1,1.0000,"Low Frequency"
2c3e7ecb9acb4478a4d4a79b2f42b8d0,1,1.0000,"Low Frequency"
2cda573c10dd476eb2b8dd88c2e294ef,1,1.0000,"Low Frequency"
2d0ec450f70846f2ba4519f85aaffbf1,1,1.0000,"Low Frequency"
2d1169ab58b7415091ffaf8b00b3ac41,1,1.0000,"Low Frequency"
2e9f5d47890b46438becae73b1388b55,1,1.0000,"Low Frequency"
311d8bd22fcb40ad85ace015cac5fffe,1,1.0000,"Low Frequency"
321203c771a44c4092b913c3a52c99ca,5,1.0000,"Low Frequency"
328c6ebf40294d99aed11dad5e5a36f0,8,1.0000,"Low Frequency"
332554ce4d5b42118258fe986cc4a672,1,1.0000,"Low Frequency"
338038eb792e4163bb2fbfbc1859b1d7,8,1.0000,"Low Frequency"
33a4f53e233a45d6882a99ade22c3be6,1,1.0000,"Low Frequency"
3468023f87524fb298979afca204d7b9,1,1.0000,"Low Frequency"
34ae15ea6b82435fa980dd0cfa1c533a,2,1.0000,"Low Frequency"
370e9e3329724f1b9dc0c1184682434f,2,1.0000,"Low Frequency"
374c04b6f1e44193b873dc8c58c30d95,1,1.0000,"Low Frequency"
37b91daa9f1d4e7c81bd1547bbc8a253,1,1.0000,"Low Frequency"
385b62d971fa4be99853723601cd0356,10,1.0000,"Low Frequency"
39400c8d5b954ceebe70a08bcc4a41a3,1,1.0000,"Low Frequency"
3a2b63a459c3480aa9f308b8a9933119,3,1.0000,"Low Frequency"
3ab0b5df70d94558bbb484719ec1769d,1,1.0000,"Low Frequency"
3c4c18c3c1b0461ab4979913aeac1d14,1,1.0000,"Low Frequency"
3c6f29df1faf494c9f9945eabdbd2872,1,1.0000,"Low Frequency"
3e24f9826c1d421ebd5fe914e60b9e91,1,1.0000,"Low Frequency"
3f9dec34cbff49728c09b5f4e4f4a1d1,1,1.0000,"Low Frequency"
3fd8e9e3b7664d9f8029fab8f2f8c724,1,1.0000,"Low Frequency"
406f7bb445de4f0e91a1bbbcdbb52cb9,8,1.0000,"Low Frequency"
40939c134dcf4a19b291276c10637d9c,1,1.0000,"Low Frequency"
420ad78df07a4612a3c46564e6d53aa3,10,1.0000,"Low Frequency"
4287152849c445f88439e27b51c078d9,9,1.0000,"Low Frequency"
434fef3d23934230948777585dc5b20f,1,1.0000,"Low Frequency"
43c00edb71c943e2a602b1be380edd2c,2,1.0000,"Low Frequency"
4460a779807f4ab0b0608c1eda7370cd,9,1.0000,"Low Frequency"
457c6a08a5614341a319d2761f552884,8,1.0000,"Low Frequency"
4583504b689448509749262ba8c0411c,1,1.0000,"Low Frequency"
462c63ad6ee94f7686fd9bdab5f8a62e,3,1.0000,"Low Frequency"
4cf260e5ca1a45fb8a8d42e22f036293,1,1.0000,"Low Frequency"
4d46ce98c9c04f61a41fca5e1df3df0e,1,1.0000,"Low Frequency"
4d8c0c623b5b4542878e802250099712,3,1.0000,"Low Frequency"
54fc113b8c7d4a9c88fdc6d979858d43,1,1.0000,"Low Frequency"
5533f3ed29ea453c846502bff7c37661,1,1.0000,"Low Frequency"
557b03aa8d974c4a8a6efa99629a876b,1,1.0000,"Low Frequency"
56138abacfaf4edba2e5acf4acd7152f,1,1.0000,"Low Frequency"
5627db52d4b74518a93d790f253b3b7f,1,1.0000,"Low Frequency"
5757f0b6bfdd48929ae92bf23efa0a2c,3,1.0000,"Low Frequency"
57b8d18ec51e4987a3482b51124f270f,1,1.0000,"Low Frequency"
581c2378d8a44ccd962832044d7a0e5c,2,1.0000,"Low Frequency"
5bde615a9b4a45069eb50f373fd667a4,1,1.0000,"Low Frequency"
5c038ac33bba4dd3b069d8300f33bdfb,1,1.0000,"Low Frequency"
5c373e4881d04b2597c95732a6462326,1,1.0000,"Low Frequency"
5c6838bf705b47d5bf7d7ec12dc06435,1,1.0000,"Low Frequency"
5ca2dfe20b7e4508bed5af68a18518b8,7,1.0000,"Low Frequency"
5d15553dd99f413da7845055b54822e1,10,1.0000,"Low Frequency"
5eddd0da5c2046cfa1649e7d8bfbb50a,1,1.0000,"Low Frequency"
5f60564e5ecc4fe080d9b24e1af0cbfb,1,1.0000,"Low Frequency"
5fbc7e02c3d44b54b21229f5ffb86629,1,1.0000,"Low Frequency"
61467b1c985846458a1757e06c2901aa,1,1.0000,"Low Frequency"
61b6a611cee142e1b3559c029617ad85,1,1.0000,"Low Frequency"
61d1cd1055bb4127be96b0e6dc20280b,1,1.0000,"Low Frequency"
62b7d49bddf948dc98e4640c46a5e278,16,1.0000,"Low Frequency"
6354c59e8ea745bbbb91e7eac8106290,1,1.0000,"Low Frequency"
63dc756a21734732922a1e62a3dda7f1,1,1.0000,"Low Frequency"
6545d35b982f425ca26fdf51a84d0cdf,9,1.0000,"Low Frequency"
65bae8d55a35479199bd529e7da5bcd7,1,1.0000,"Low Frequency"
687ee5f95ce54d22a21750939c2dd013,3,1.0000,"Low Frequency"
6884e0427d274bb180a0f8107bbdc29c,1,1.0000,"Low Frequency"
690bdd868e794edaab34492bde33da54,1,1.0000,"Low Frequency"
69247b99aa864a56869ed5db8a92eb6a,1,1.0000,"Low Frequency"
69f35e290f6644e295057ccc445237eb,2,1.0000,"Low Frequency"
6a5f4d2af6d8439398f4abfa6f4ec43b,1,1.0000,"Low Frequency"
6a8d98655ea24dee9b36e7dda3cfbb5e,12,1.0000,"Low Frequency"
6acf2151f08d4f94ae1c1ad0274a01fe,1,1.0000,"Low Frequency"
6cdcb20e12bf46e3a4903034e3bdf8a5,1,1.0000,"Low Frequency"
6d132068480e4dac9a180060e16edf8f,1,1.0000,"Low Frequency"
6f9d052d32e54aedb853d1f30811e376,1,1.0000,"Low Frequency"
702a524a05db4b36b2f265766dd72e11,1,1.0000,"Low Frequency"
7088e23732204f37a1deb2e5f5bf34b7,4,1.0000,"Low Frequency"
70ae7efc2e0b4db1a4e4708f1eb8b850,3,1.0000,"Low Frequency"
718feb8f08b243c591b4089e17fbc97a,1,1.0000,"Low Frequency"
7203acfc619a4ec997261e8e5dad9bad,1,1.0000,"Low Frequency"
72381a3635b6436cbad2dd5d3f73d912,1,1.0000,"Low Frequency"
73027edc3bc8428487b1027415c584c0,1,1.0000,"Low Frequency"
75d24d9e02c94f64a0ba7013ada45e28,1,1.0000,"Low Frequency"
75e1ffe8dd1e4093b3e30009994aa957,1,1.0000,"Low Frequency"
76726dbac01043998c00b058f82696bb,1,1.0000,"Low Frequency"
7744dac2fcaf414ab3124df078b0fc58,1,1.0000,"Low Frequency"
78b7c2ba3ce740b69068ae5ac9c3016d,1,1.0000,"Low Frequency"
7940834540e0495eb5fc06239ba5aeee,1,1.0000,"Low Frequency"
7b4bcb343dc4401ca07baf9904f5b9b9,1,1.0000,"Low Frequency"
7bf91729971e4887843f3c8f38d0ac15,1,1.0000,"Low Frequency"
7c710889688c4454b7ba14139588c5b9,1,1.0000,"Low Frequency"
7ce70b16612d498193a21c87821f0867,1,1.0000,"Low Frequency"
7da57e6a2bd641708c5e02b304ebaac0,8,1.0000,"Low Frequency"
7e777ad872894a4580fdd24ac2c182b5,1,1.0000,"Low Frequency"
7ec8dc990abc494885c283b836f29af0,10,1.0000,"Low Frequency"
8044eb2989244027b8635858c38c506e,8,1.0000,"Low Frequency"
809819a393bc4fecb131306e46825840,1,1.0000,"Low Frequency"
80bc7743d60b4298b3689d2a3c36ff42,1,1.0000,"Low Frequency"
8214b09326fa4a25bb0dc84dd0707efa,1,1.0000,"Low Frequency"
849e82014eb14eb39e7f0b3e9b67131c,1,1.0000,"Low Frequency"
8a60458e54a04fc6a94132c5ef0a38e5,1,1.0000,"Low Frequency"
8a78f0b8829f4863b29fe8562c8c4cdc,1,1.0000,"Low Frequency"
8bdf18624bba4ef482cc24bd69198351,1,1.0000,"Low Frequency"
8d02b935a8b342c287c333a8e1ebf2a1,1,1.0000,"Low Frequency"
9067b6bb28a246649471725f3b2ff876,2,1.0000,"Low Frequency"
91b6e87ee4144994bf3868d281f821ff,1,1.0000,"Low Frequency"
924f5fe8242b4bd38b181c7f4be72d1f,1,1.0000,"Low Frequency"
9251a01ae7174855a310c015fce4dbc5,1,1.0000,"Low Frequency"
927af2d7a0ea48a9aa371e1bc5bbfdb4,1,1.0000,"Low Frequency"
933a959761214afe9cedb6ae5de2884f,2,1.0000,"Low Frequency"
940d9291f4064f098fdeb824d00e219d,1,1.0000,"Low Frequency"
9458632198b8443395102a41745eb67e,1,1.0000,"Low Frequency"
94da4cf1314b4b6ca55d7780d618d4af,9,1.0000,"Low Frequency"
9617236fe1aa42619b249f4529573f58,9,1.0000,"Low Frequency"
9773902c135f4214b17060690ff2a2a8,1,1.0000,"Low Frequency"
987e254b475a40d38bc0b7eb1282e458,16,1.0000,"Low Frequency"
98a5ec04185f4e0699951218ec40ebb5,1,1.0000,"Low Frequency"
990e73e2f5f649c0a48c433544376309,1,1.0000,"Low Frequency"
9972df01e2ff4211b74a3605c8ac3a16,1,1.0000,"Low Frequency"
9a730748f4b64d9c8989b0e1e81e9bbd,1,1.0000,"Low Frequency"
9c921672921d455a8b36fedb3a019287,1,1.0000,"Low Frequency"
9cbaed8bf2de4062ad13b0af187bd9f0,16,1.0000,"Low Frequency"
9dda725169f745a09b23f7794a3caf6f,1,1.0000,"Low Frequency"
9ed609b5b40442558bf4c48b605c0120,1,1.0000,"Low Frequency"
9eec28fa842e4b499fd204feb789cfbf,1,1.0000,"Low Frequency"
9f8c0d4cdce445b48e265eb3841417f2,9,1.0000,"Low Frequency"
9fdc307fe39c417ea0d3e2ecccd534d2,1,1.0000,"Low Frequency"
a013207d7f9d4ce980d3ccb7a5d26f34,3,1.0000,"Low Frequency"
a1aaf77e6458465e8b72edf64d187e94,1,1.0000,"Low Frequency"
a33daa4c123e4ceebf5d324b190df36a,1,1.0000,"Low Frequency"
a56eef61c16f4808905cd4440667acfb,1,1.0000,"Low Frequency"
a62208b8cde04c0786c744bbad9a1581,1,1.0000,"Low Frequency"
a630ccfcb73341e9a5b7d49d5ca29fe4,1,1.0000,"Low Frequency"
a633b83dcb464740aaa854a56f359353,1,1.0000,"Low Frequency"
a70abedfef9b47178357a43c54b998fc,1,1.0000,"Low Frequency"
a82e5a874dd44fbf9bcc38dc3854da86,10,1.0000,"Low Frequency"
a8587c53e8a5419c9272505397553e0d,1,1.0000,"Low Frequency"
a8caa9f20a8e4702a6363435c2f0bd3a,1,1.0000,"Low Frequency"
a9f76ffbd1864b1e88c66d5927a508c1,1,1.0000,"Low Frequency"
ac0701586dfc46dfb8bcf0523bdddf5f,14,1.0000,"Low Frequency"
ac568668ebc74b09a08e840c8ec98967,1,1.0000,"Low Frequency"
acaf3649e2be4bc19188e9e096dd63f9,1,1.0000,"Low Frequency"
ad41201cb7e24bebb73f8f2127df42ea,1,1.0000,"Low Frequency"
ada6fcf728174097b7489e94546b716c,1,1.0000,"Low Frequency"
add41d53747e49fb8156b84794a158f4,1,1.0000,"Low Frequency"
ae0c24eb6d974982abf6dd0c9ad4895a,7,1.0000,"Low Frequency"
aee5b080830a41b6a83824a0e080fa33,1,1.0000,"Low Frequency"
afe850adb07b4daeaa21d300671e7877,2,1.0000,"Low Frequency"
b022b363e3524fdaba5b603bd2a40f52,1,1.0000,"Low Frequency"
b09594633d3946d781721197a91fd8c8,9,1.0000,"Low Frequency"
b13bc0d6cb6c41eca7f15a9ecce1de38,2,1.0000,"Low Frequency"
b16affe7345f4f8a93383fdc10545502,1,1.0000,"Low Frequency"
b1e0b8c83e3e41699edd9ce123f79e4c,1,1.0000,"Low Frequency"
b1ea0187174143c9994d84e4d570a1bf,1,1.0000,"Low Frequency"
b2a03a31879c44298ab231eb9342c594,16,1.0000,"Low Frequency"
b2dd9ebf4bce42beb25f84a6d3121d27,1,1.0000,"Low Frequency"
b306801216ac4e978cf097176d712835,15,1.0000,"Low Frequency"
b3ac874c0fa54cc0ae98b333fc0b8524,1,1.0000,"Low Frequency"
b49d975c27cf42d3ba2357bbde648bfe,1,1.0000,"Low Frequency"
b671c93426234e20b5967f266f08a585,1,1.0000,"Low Frequency"
b7200f5193514700878c28be3b58cd42,1,1.0000,"Low Frequency"
b7fb1e36fbe146609ba67cc386f11781,1,1.0000,"Low Frequency"
b93fc5f9357849cab7244f1a7cf9cb35,1,1.0000,"Low Frequency"
b9c4a64c2cea44a9995049e3280c859d,2,1.0000,"Low Frequency"
bb5ad437e9724adaa8b095eff651dc3e,2,1.0000,"Low Frequency"
be6e96e6dd5d450c84dd4f28c4fd00d1,1,1.0000,"Low Frequency"
bfc567fa7a6e4e0e8745f1fa4fe7aaea,1,1.0000,"Low Frequency"
bff15e01f4ab426281c6396ab00a3d89,1,1.0000,"Low Frequency"
c09430ec74724ff3aac4c4e83883dd5a,1,1.0000,"Low Frequency"
c0ac3ea3b0144ff49126224d910bde1f,1,1.0000,"Low Frequency"
c2fba2fcafe1445dacdabfc8b3869bc0,1,1.0000,"Low Frequency"
c48f67e92df4433796d5196a8cdc0e97,1,1.0000,"Low Frequency"
c67e33d9db854e77add48c8fb943ff1a,1,1.0000,"Low Frequency"
c70f175f2d7b4766b85ccb86f10dbec4,2,1.0000,"Low Frequency"
c83c5672ae4d4406833a8c48255ef7b2,1,1.0000,"Low Frequency"
c87cf455652949cc82fad4d6c891309f,2,1.0000,"Low Frequency"
c91ed8e84744454ea1050180d5b3de53,10,1.0000,"Low Frequency"
c92a2587ec054800b5d72cd329e0dcfd,2,1.0000,"Low Frequency"
c988a364f2164aa382773efadb8ba034,1,1.0000,"Low Frequency"
cc92a2f858524269885e2951269e1858,1,1.0000,"Low Frequency"
cdf4a8d348974494b6f37ffe271315ab,1,1.0000,"Low Frequency"
cecdf1ff4e2444ca910447444ce10a87,1,1.0000,"Low Frequency"
ceedde8287894fe9b86d94dcdefeef80,10,1.0000,"Low Frequency"
cf02ebbd39bb490cb1dce35390ee04bd,1,1.0000,"Low Frequency"
cf074efc57eb4076aefc9f4e28ee5434,1,1.0000,"Low Frequency"
cf5db53462544b17ac2c323ce4b22f81,16,1.0000,"Low Frequency"
cf8fce9a04bb48d6a99894dbda307c96,2,1.0000,"Low Frequency"
cf98db02a15e4ef7b3503580627e9e99,2,1.0000,"Low Frequency"
cff53be3c9b249198b5d3783e7faa62d,2,1.0000,"Low Frequency"
d02356034ea249bb86e6a24c4af2fd98,4,1.0000,"Low Frequency"
d0aea37108bd436eac9b01fb02c5e6a8,1,1.0000,"Low Frequency"
d0b9907e0abc49348d125ec39d1bd2cc,1,1.0000,"Low Frequency"
d0d841e46a5b4f15a6a06a318b866e2c,1,1.0000,"Low Frequency"
d0edadbff9f24997b0767ecc87ea0ef3,1,1.0000,"Low Frequency"
d11959de383e4717ad7a39189d517ccf,1,1.0000,"Low Frequency"
d126e9f1914c40fa945937a9bd72ddba,1,1.0000,"Low Frequency"
d23d6e0a129445089b34bdd27d4a9198,1,1.0000,"Low Frequency"
d6287cf6c47f456681f2f6086ad6643a,17,1.0000,"Low Frequency"
d6c5959fcd43464cb8a9efd4b3d7eab3,1,1.0000,"Low Frequency"
d6f06596ef26442d958a9e3cc3c84695,2,1.0000,"Low Frequency"
d6f45344ee554e5787fa5c0c905710c9,10,1.0000,"Low Frequency"
d9565808e6eb49bbb83c2bfe210e54d8,1,1.0000,"Low Frequency"
d993c3fb788846498fca4e810b3e8a91,1,1.0000,"Low Frequency"
d9cc4426225447cf94c9cc23d45a7208,1,1.0000,"Low Frequency"
d9f7c84bebea4faeb16c2ccbee96f89d,10,1.0000,"Low Frequency"
dbabbb95036447eba6717998ae74bc5f,1,1.0000,"Low Frequency"
dbf37a9a3e6d46768e861fddc2c75669,1,1.0000,"Low Frequency"
df373eb66a5c42d18a02219c0157f4d1,2,1.0000,"Low Frequency"
df4f5faf38dc485b96de5b29cc344bcb,1,1.0000,"Low Frequency"
df91504c5f234181b8a2e87a99818b96,3,1.0000,"Low Frequency"
dffea1dcf7b047cdb78f7b0a12c9da2c,15,1.0000,"Low Frequency"
e0a9571395414705ab19e2c672268f2b,1,1.0000,"Low Frequency"
e0b688170f174c81b6dbbbbf528d9ab8,9,1.0000,"Low Frequency"
e1332c8c606a41f2bbbfa1f47f1ab5ab,1,1.0000,"Low Frequency"
e3d551981ce9440c9b66c595da029716,1,1.0000,"Low Frequency"
e5063ef44d9040b29985e2b11eb8f6b1,3,1.0000,"Low Frequency"
e524101629dc458f98f52d5cee5e1c73,1,1.0000,"Low Frequency"
e5fe34c6cb2049a0ae437cacbac8defb,8,1.0000,"Low Frequency"
e728109b1981448b88855899193f1ccc,1,1.0000,"Low Frequency"
e7572705b3664ddaa86f2c8e20c510ed,1,1.0000,"Low Frequency"
e770f3bd99f94597ac92e9bde3efcfec,1,1.0000,"Low Frequency"
e864de88f8aa47a592ff970d7ba867e7,10,1.0000,"Low Frequency"
e874302bd21a4376a56d8321d0fe1567,2,1.0000,"Low Frequency"
e89241495a6746128b9302a9b9deb51d,1,1.0000,"Low Frequency"
e895fe558f0943518e5f9b1adbf999f0,13,1.0000,"Low Frequency"
e97faf02c9fd49a1bd378c6e85a8b13a,2,1.0000,"Low Frequency"
e9d9f10808a446f2b9ab15505f6310d5,1,1.0000,"Low Frequency"
ea0aaa9fc2954a6587fa383577a0a38c,1,1.0000,"Low Frequency"
eddd989c1f3b40ce8a1e176892df5f15,1,1.0000,"Low Frequency"
ef3c1956802c40dea32ff42def82dae8,1,1.0000,"Low Frequency"
ef6da7f680f746eb82cbcfbb5fa62ec6,1,1.0000,"Low Frequency"
ef708b0084bf4c1abf06bb7b509c7d6b,1,1.0000,"Low Frequency"
f0d1bb576d7e4bfd8080c1bb3f8bbc30,3,1.0000,"Low Frequency"
f1d8d88b4a594a8a89227c53c34b0240,1,1.0000,"Low Frequency"
f3438be80c7b47b981ead55e90db3314,1,1.0000,"Low Frequency"
f403ea2942c04900952c23f898df8ea7,1,1.0000,"Low Frequency"
f41a05180e154ee6a9a3bacd2d4e9279,1,1.0000,"Low Frequency"
f506421dcabe4b5eac5c4d765e03e743,1,1.0000,"Low Frequency"
f5722dc1fba44a01b6b58f29b41cf2b2,1,1.0000,"Low Frequency"
f67539330d5f44bb955bc253066f8b6b,1,1.0000,"Low Frequency"
f6ea7c01a4984bdf91b412e7c2042c27,8,1.0000,"Low Frequency"
f89d0f60bb4445a58c31d6557c76a350,5,1.0000,"Low Frequency"
fa1da0325a904487aab61a7d219ffe1c,1,1.0000,"Low Frequency"
fa5455279b1b451a91f7f3f250842c32,1,1.0000,"Low Frequency"
faa2c0a85e2742d5ac86eb0a9d45d090,1,1.0000,"Low Frequency"
fae1eae48e00490c88e4b120ebe9e70f,6,1.0000,"Low Frequency"
fb12bfd102e3415d904f1503c4d76f99,1,1.0000,"Low Frequency"
fbfe865e97744a4e822295996fa20080,1,1.0000,"Low Frequency"
fca38ac128f446a5a8a64131e7462291,1,1.0000,"Low Frequency"
fcb90d090c6c47fb93e7f2f0850446e2,2,1.0000,"Low Frequency"
fcc798a462f9419eabd48ceba3ea69b4,1,1.0000,"Low Frequency"
fd2e7eb1746e41068a1b4cd09b5958b4,1,1.0000,"Low Frequency"
fd9363c338b14870826056cf18feb662,1,1.0000,"Low Frequency"
